serie,region,anio,valor
mpd2020-pib-per-capita-paises-pre1820,argentina,1800,1484
mpd2020-pib-per-capita-paises-pre1820,brasil,1800,867
mpd2020-pib-per-capita-paises-pre1820,china,1000,1225.107
mpd2020-pib-per-capita-paises-pre1820,china,1090,1221.711
mpd2020-pib-per-capita-paises-pre1820,china,1120,1180.959
mpd2020-pib-per-capita-paises-pre1820,china,1400,1404.246
mpd2020-pib-per-capita-paises-pre1820,china,1410,1414
mpd2020-pib-per-capita-paises-pre1820,china,1420,1412
mpd2020-pib-per-capita-paises-pre1820,china,1430,1498
mpd2020-pib-per-capita-paises-pre1820,china,1440,1458
mpd2020-pib-per-capita-paises-pre1820,china,1450,1375.38
mpd2020-pib-per-capita-paises-pre1820,china,1460,1324
mpd2020-pib-per-capita-paises-pre1820,china,1470,1341
mpd2020-pib-per-capita-paises-pre1820,china,1480,1242
mpd2020-pib-per-capita-paises-pre1820,china,1490,1189
mpd2020-pib-per-capita-paises-pre1820,china,1500,1207.278
mpd2020-pib-per-capita-paises-pre1820,china,1510,1274
mpd2020-pib-per-capita-paises-pre1820,china,1520,1166
mpd2020-pib-per-capita-paises-pre1820,china,1530,1187
mpd2020-pib-per-capita-paises-pre1820,china,1540,1193
mpd2020-pib-per-capita-paises-pre1820,china,1550,1195
mpd2020-pib-per-capita-paises-pre1820,china,1560,1200
mpd2020-pib-per-capita-paises-pre1820,china,1570,1237.842
mpd2020-pib-per-capita-paises-pre1820,china,1580,1217
mpd2020-pib-per-capita-paises-pre1820,china,1590,1217
mpd2020-pib-per-capita-paises-pre1820,china,1600,1217.466
mpd2020-pib-per-capita-paises-pre1820,china,1610,1282
mpd2020-pib-per-capita-paises-pre1820,china,1620,1262
mpd2020-pib-per-capita-paises-pre1820,china,1661,1330
mpd2020-pib-per-capita-paises-pre1820,china,1685,1280
mpd2020-pib-per-capita-paises-pre1820,china,1690,1413
mpd2020-pib-per-capita-paises-pre1820,china,1700,1542.633
mpd2020-pib-per-capita-paises-pre1820,china,1710,1406
mpd2020-pib-per-capita-paises-pre1820,china,1720,1312
mpd2020-pib-per-capita-paises-pre1820,china,1724,1170
mpd2020-pib-per-capita-paises-pre1820,china,1730,1234
mpd2020-pib-per-capita-paises-pre1820,china,1740,1158
mpd2020-pib-per-capita-paises-pre1820,china,1750,1061.25
mpd2020-pib-per-capita-paises-pre1820,china,1760,1022
mpd2020-pib-per-capita-paises-pre1820,china,1766,991
mpd2020-pib-per-capita-paises-pre1820,china,1770,998
mpd2020-pib-per-capita-paises-pre1820,china,1780,981
mpd2020-pib-per-capita-paises-pre1820,china,1790,955
mpd2020-pib-per-capita-paises-pre1820,china,1800,926.259
mpd2020-pib-per-capita-paises-pre1820,china,1810,901
mpd2020-pib-per-capita-paises-pre1820,reino-unido,1000,1151
mpd2020-pib-per-capita-paises-pre1820,reino-unido,1252,1320
mpd2020-pib-per-capita-paises-pre1820,reino-unido,1253,1328
mpd2020-pib-per-capita-paises-pre1820,reino-unido,1254,1317
mpd2020-pib-per-capita-paises-pre1820,reino-unido,1255,1285
mpd2020-pib-per-capita-paises-pre1820,reino-unido,1256,1255
mpd2020-pib-per-capita-paises-pre1820,reino-unido,1257,1240
mpd2020-pib-per-capita-paises-pre1820,reino-unido,1258,1418
mpd2020-pib-per-capita-paises-pre1820,reino-unido,1259,1191
mpd2020-pib-per-capita-paises-pre1820,reino-unido,1260,1292
mpd2020-pib-per-capita-paises-pre1820,reino-unido,1261,1286
mpd2020-pib-per-capita-paises-pre1820,reino-unido,1262,1219
mpd2020-pib-per-capita-paises-pre1820,reino-unido,1263,1205
mpd2020-pib-per-capita-paises-pre1820,reino-unido,1264,1182
mpd2020-pib-per-capita-paises-pre1820,reino-unido,1265,1185
mpd2020-pib-per-capita-paises-pre1820,reino-unido,1266,1401
mpd2020-pib-per-capita-paises-pre1820,reino-unido,1267,1313
mpd2020-pib-per-capita-paises-pre1820,reino-unido,1268,1211
mpd2020-pib-per-capita-paises-pre1820,reino-unido,1269,1225
mpd2020-pib-per-capita-paises-pre1820,reino-unido,1270,1192
mpd2020-pib-per-capita-paises-pre1820,reino-unido,1271,1177
mpd2020-pib-per-capita-paises-pre1820,reino-unido,1272,1220
mpd2020-pib-per-capita-paises-pre1820,reino-unido,1273,1149
mpd2020-pib-per-capita-paises-pre1820,reino-unido,1274,1143
mpd2020-pib-per-capita-paises-pre1820,reino-unido,1275,1304
mpd2020-pib-per-capita-paises-pre1820,reino-unido,1276,1146
mpd2020-pib-per-capita-paises-pre1820,reino-unido,1277,1222
mpd2020-pib-per-capita-paises-pre1820,reino-unido,1278,1265
mpd2020-pib-per-capita-paises-pre1820,reino-unido,1279,1048
mpd2020-pib-per-capita-paises-pre1820,reino-unido,1280,1058
mpd2020-pib-per-capita-paises-pre1820,reino-unido,1281,1118
mpd2020-pib-per-capita-paises-pre1820,reino-unido,1282,1078
mpd2020-pib-per-capita-paises-pre1820,reino-unido,1283,1019
mpd2020-pib-per-capita-paises-pre1820,reino-unido,1284,1048
mpd2020-pib-per-capita-paises-pre1820,reino-unido,1285,1055
mpd2020-pib-per-capita-paises-pre1820,reino-unido,1286,1034
mpd2020-pib-per-capita-paises-pre1820,reino-unido,1287,1125
mpd2020-pib-per-capita-paises-pre1820,reino-unido,1288,1085
mpd2020-pib-per-capita-paises-pre1820,reino-unido,1289,995
mpd2020-pib-per-capita-paises-pre1820,reino-unido,1290,1004
mpd2020-pib-per-capita-paises-pre1820,reino-unido,1291,1006
mpd2020-pib-per-capita-paises-pre1820,reino-unido,1292,1060
mpd2020-pib-per-capita-paises-pre1820,reino-unido,1293,1086
mpd2020-pib-per-capita-paises-pre1820,reino-unido,1294,1078
mpd2020-pib-per-capita-paises-pre1820,reino-unido,1295,1155
mpd2020-pib-per-capita-paises-pre1820,reino-unido,1296,1202
mpd2020-pib-per-capita-paises-pre1820,reino-unido,1297,1151
mpd2020-pib-per-capita-paises-pre1820,reino-unido,1298,1211
mpd2020-pib-per-capita-paises-pre1820,reino-unido,1299,1167
mpd2020-pib-per-capita-paises-pre1820,reino-unido,1300,1159
mpd2020-pib-per-capita-paises-pre1820,reino-unido,1301,1168
mpd2020-pib-per-capita-paises-pre1820,reino-unido,1302,1199
mpd2020-pib-per-capita-paises-pre1820,reino-unido,1303,1249
mpd2020-pib-per-capita-paises-pre1820,reino-unido,1304,1130
mpd2020-pib-per-capita-paises-pre1820,reino-unido,1305,1162
mpd2020-pib-per-capita-paises-pre1820,reino-unido,1306,1129
mpd2020-pib-per-capita-paises-pre1820,reino-unido,1307,1184
mpd2020-pib-per-capita-paises-pre1820,reino-unido,1308,1199
mpd2020-pib-per-capita-paises-pre1820,reino-unido,1309,1229
mpd2020-pib-per-capita-paises-pre1820,reino-unido,1310,1213
mpd2020-pib-per-capita-paises-pre1820,reino-unido,1311,1257
mpd2020-pib-per-capita-paises-pre1820,reino-unido,1312,1224
mpd2020-pib-per-capita-paises-pre1820,reino-unido,1313,1246
mpd2020-pib-per-capita-paises-pre1820,reino-unido,1314,1247
mpd2020-pib-per-capita-paises-pre1820,reino-unido,1315,1121
mpd2020-pib-per-capita-paises-pre1820,reino-unido,1316,1072
mpd2020-pib-per-capita-paises-pre1820,reino-unido,1317,1136
mpd2020-pib-per-capita-paises-pre1820,reino-unido,1318,1270
mpd2020-pib-per-capita-paises-pre1820,reino-unido,1319,1292
mpd2020-pib-per-capita-paises-pre1820,reino-unido,1320,1266
mpd2020-pib-per-capita-paises-pre1820,reino-unido,1321,1085
mpd2020-pib-per-capita-paises-pre1820,reino-unido,1322,1156
mpd2020-pib-per-capita-paises-pre1820,reino-unido,1323,1215
mpd2020-pib-per-capita-paises-pre1820,reino-unido,1324,1122
mpd2020-pib-per-capita-paises-pre1820,reino-unido,1325,1230
mpd2020-pib-per-capita-paises-pre1820,reino-unido,1326,1245
mpd2020-pib-per-capita-paises-pre1820,reino-unido,1327,1222
mpd2020-pib-per-capita-paises-pre1820,reino-unido,1328,1135
mpd2020-pib-per-capita-paises-pre1820,reino-unido,1329,1193
mpd2020-pib-per-capita-paises-pre1820,reino-unido,1330,1161
mpd2020-pib-per-capita-paises-pre1820,reino-unido,1331,1106
mpd2020-pib-per-capita-paises-pre1820,reino-unido,1332,1163
mpd2020-pib-per-capita-paises-pre1820,reino-unido,1333,1197
mpd2020-pib-per-capita-paises-pre1820,reino-unido,1334,1156
mpd2020-pib-per-capita-paises-pre1820,reino-unido,1335,1107
mpd2020-pib-per-capita-paises-pre1820,reino-unido,1336,1159
mpd2020-pib-per-capita-paises-pre1820,reino-unido,1337,1283
mpd2020-pib-per-capita-paises-pre1820,reino-unido,1338,1307
mpd2020-pib-per-capita-paises-pre1820,reino-unido,1339,1066
mpd2020-pib-per-capita-paises-pre1820,reino-unido,1340,1194
mpd2020-pib-per-capita-paises-pre1820,reino-unido,1341,1205
mpd2020-pib-per-capita-paises-pre1820,reino-unido,1342,1261
mpd2020-pib-per-capita-paises-pre1820,reino-unido,1343,1225
mpd2020-pib-per-capita-paises-pre1820,reino-unido,1344,1307
mpd2020-pib-per-capita-paises-pre1820,reino-unido,1345,1216
mpd2020-pib-per-capita-paises-pre1820,reino-unido,1346,1155
mpd2020-pib-per-capita-paises-pre1820,reino-unido,1347,1199
mpd2020-pib-per-capita-paises-pre1820,reino-unido,1348,1229
mpd2020-pib-per-capita-paises-pre1820,reino-unido,1349,1154
mpd2020-pib-per-capita-paises-pre1820,reino-unido,1350,1314
mpd2020-pib-per-capita-paises-pre1820,reino-unido,1351,1519
mpd2020-pib-per-capita-paises-pre1820,reino-unido,1352,1574
mpd2020-pib-per-capita-paises-pre1820,reino-unido,1353,1579
mpd2020-pib-per-capita-paises-pre1820,reino-unido,1354,1512
mpd2020-pib-per-capita-paises-pre1820,reino-unido,1355,1559
mpd2020-pib-per-capita-paises-pre1820,reino-unido,1356,1537
mpd2020-pib-per-capita-paises-pre1820,reino-unido,1357,1567
mpd2020-pib-per-capita-paises-pre1820,reino-unido,1358,1575
mpd2020-pib-per-capita-paises-pre1820,reino-unido,1359,1592
mpd2020-pib-per-capita-paises-pre1820,reino-unido,1360,1581
mpd2020-pib-per-capita-paises-pre1820,reino-unido,1361,1526
mpd2020-pib-per-capita-paises-pre1820,reino-unido,1362,1486
mpd2020-pib-per-capita-paises-pre1820,reino-unido,1363,1443
mpd2020-pib-per-capita-paises-pre1820,reino-unido,1364,1603
mpd2020-pib-per-capita-paises-pre1820,reino-unido,1365,1531
mpd2020-pib-per-capita-paises-pre1820,reino-unido,1366,1578
mpd2020-pib-per-capita-paises-pre1820,reino-unido,1367,1481
mpd2020-pib-per-capita-paises-pre1820,reino-unido,1368,1471
mpd2020-pib-per-capita-paises-pre1820,reino-unido,1369,1373
mpd2020-pib-per-capita-paises-pre1820,reino-unido,1370,1539
mpd2020-pib-per-capita-paises-pre1820,reino-unido,1371,1489
mpd2020-pib-per-capita-paises-pre1820,reino-unido,1372,1347
mpd2020-pib-per-capita-paises-pre1820,reino-unido,1373,1458
mpd2020-pib-per-capita-paises-pre1820,reino-unido,1374,1341
mpd2020-pib-per-capita-paises-pre1820,reino-unido,1375,1294
mpd2020-pib-per-capita-paises-pre1820,reino-unido,1376,1495
mpd2020-pib-per-capita-paises-pre1820,reino-unido,1377,1539
mpd2020-pib-per-capita-paises-pre1820,reino-unido,1378,1523
mpd2020-pib-per-capita-paises-pre1820,reino-unido,1379,1398
mpd2020-pib-per-capita-paises-pre1820,reino-unido,1380,1462
mpd2020-pib-per-capita-paises-pre1820,reino-unido,1381,1500
mpd2020-pib-per-capita-paises-pre1820,reino-unido,1382,1553
mpd2020-pib-per-capita-paises-pre1820,reino-unido,1383,1485
mpd2020-pib-per-capita-paises-pre1820,reino-unido,1384,1680
mpd2020-pib-per-capita-paises-pre1820,reino-unido,1385,1532
mpd2020-pib-per-capita-paises-pre1820,reino-unido,1386,1714
mpd2020-pib-per-capita-paises-pre1820,reino-unido,1387,1728
mpd2020-pib-per-capita-paises-pre1820,reino-unido,1388,1599
mpd2020-pib-per-capita-paises-pre1820,reino-unido,1389,1656
mpd2020-pib-per-capita-paises-pre1820,reino-unido,1390,1554
mpd2020-pib-per-capita-paises-pre1820,reino-unido,1391,1743
mpd2020-pib-per-capita-paises-pre1820,reino-unido,1392,1967
mpd2020-pib-per-capita-paises-pre1820,reino-unido,1393,1630
mpd2020-pib-per-capita-paises-pre1820,reino-unido,1394,1795
mpd2020-pib-per-capita-paises-pre1820,reino-unido,1395,1723
mpd2020-pib-per-capita-paises-pre1820,reino-unido,1396,1738
mpd2020-pib-per-capita-paises-pre1820,reino-unido,1397,1705
mpd2020-pib-per-capita-paises-pre1820,reino-unido,1398,1830
mpd2020-pib-per-capita-paises-pre1820,reino-unido,1399,1762
mpd2020-pib-per-capita-paises-pre1820,reino-unido,1400,1717
mpd2020-pib-per-capita-paises-pre1820,reino-unido,1401,1696
mpd2020-pib-per-capita-paises-pre1820,reino-unido,1402,1742
mpd2020-pib-per-capita-paises-pre1820,reino-unido,1403,1770
mpd2020-pib-per-capita-paises-pre1820,reino-unido,1404,1801
mpd2020-pib-per-capita-paises-pre1820,reino-unido,1405,1805
mpd2020-pib-per-capita-paises-pre1820,reino-unido,1406,1674
mpd2020-pib-per-capita-paises-pre1820,reino-unido,1407,1677
mpd2020-pib-per-capita-paises-pre1820,reino-unido,1408,1552
mpd2020-pib-per-capita-paises-pre1820,reino-unido,1409,1607
mpd2020-pib-per-capita-paises-pre1820,reino-unido,1410,1708
mpd2020-pib-per-capita-paises-pre1820,reino-unido,1411,1673
mpd2020-pib-per-capita-paises-pre1820,reino-unido,1412,1635
mpd2020-pib-per-capita-paises-pre1820,reino-unido,1413,1483
mpd2020-pib-per-capita-paises-pre1820,reino-unido,1414,1686
mpd2020-pib-per-capita-paises-pre1820,reino-unido,1415,1726
mpd2020-pib-per-capita-paises-pre1820,reino-unido,1416,1665
mpd2020-pib-per-capita-paises-pre1820,reino-unido,1417,1821
mpd2020-pib-per-capita-paises-pre1820,reino-unido,1418,1729
mpd2020-pib-per-capita-paises-pre1820,reino-unido,1419,1821
mpd2020-pib-per-capita-paises-pre1820,reino-unido,1420,1778
mpd2020-pib-per-capita-paises-pre1820,reino-unido,1421,1661
mpd2020-pib-per-capita-paises-pre1820,reino-unido,1422,1716
mpd2020-pib-per-capita-paises-pre1820,reino-unido,1423,1812
mpd2020-pib-per-capita-paises-pre1820,reino-unido,1424,1827
mpd2020-pib-per-capita-paises-pre1820,reino-unido,1425,1765
mpd2020-pib-per-capita-paises-pre1820,reino-unido,1426,1712
mpd2020-pib-per-capita-paises-pre1820,reino-unido,1427,1668
mpd2020-pib-per-capita-paises-pre1820,reino-unido,1428,1567
mpd2020-pib-per-capita-paises-pre1820,reino-unido,1429,1622
mpd2020-pib-per-capita-paises-pre1820,reino-unido,1430,1669
mpd2020-pib-per-capita-paises-pre1820,reino-unido,1431,1681
mpd2020-pib-per-capita-paises-pre1820,reino-unido,1432,1664
mpd2020-pib-per-capita-paises-pre1820,reino-unido,1433,1717
mpd2020-pib-per-capita-paises-pre1820,reino-unido,1434,1823
mpd2020-pib-per-capita-paises-pre1820,reino-unido,1435,1623
mpd2020-pib-per-capita-paises-pre1820,reino-unido,1436,1515
mpd2020-pib-per-capita-paises-pre1820,reino-unido,1437,1457
mpd2020-pib-per-capita-paises-pre1820,reino-unido,1438,1533
mpd2020-pib-per-capita-paises-pre1820,reino-unido,1439,1605
mpd2020-pib-per-capita-paises-pre1820,reino-unido,1440,1623
mpd2020-pib-per-capita-paises-pre1820,reino-unido,1441,1438
mpd2020-pib-per-capita-paises-pre1820,reino-unido,1442,1492
mpd2020-pib-per-capita-paises-pre1820,reino-unido,1443,1808
mpd2020-pib-per-capita-paises-pre1820,reino-unido,1444,1810
mpd2020-pib-per-capita-paises-pre1820,reino-unido,1445,1564
mpd2020-pib-per-capita-paises-pre1820,reino-unido,1446,1667
mpd2020-pib-per-capita-paises-pre1820,reino-unido,1447,1711
mpd2020-pib-per-capita-paises-pre1820,reino-unido,1448,1772
mpd2020-pib-per-capita-paises-pre1820,reino-unido,1449,1629
mpd2020-pib-per-capita-paises-pre1820,reino-unido,1450,1683
mpd2020-pib-per-capita-paises-pre1820,reino-unido,1451,1685
mpd2020-pib-per-capita-paises-pre1820,reino-unido,1452,1663
mpd2020-pib-per-capita-paises-pre1820,reino-unido,1453,1676
mpd2020-pib-per-capita-paises-pre1820,reino-unido,1454,1677
mpd2020-pib-per-capita-paises-pre1820,reino-unido,1455,1663
mpd2020-pib-per-capita-paises-pre1820,reino-unido,1456,1680
mpd2020-pib-per-capita-paises-pre1820,reino-unido,1457,1536
mpd2020-pib-per-capita-paises-pre1820,reino-unido,1458,1625
mpd2020-pib-per-capita-paises-pre1820,reino-unido,1459,1599
mpd2020-pib-per-capita-paises-pre1820,reino-unido,1460,1598
mpd2020-pib-per-capita-paises-pre1820,reino-unido,1461,1603
mpd2020-pib-per-capita-paises-pre1820,reino-unido,1462,1752
mpd2020-pib-per-capita-paises-pre1820,reino-unido,1463,1772
mpd2020-pib-per-capita-paises-pre1820,reino-unido,1464,1615
mpd2020-pib-per-capita-paises-pre1820,reino-unido,1465,1567
mpd2020-pib-per-capita-paises-pre1820,reino-unido,1466,1554
mpd2020-pib-per-capita-paises-pre1820,reino-unido,1467,1600
mpd2020-pib-per-capita-paises-pre1820,reino-unido,1468,1669
mpd2020-pib-per-capita-paises-pre1820,reino-unido,1469,1645
mpd2020-pib-per-capita-paises-pre1820,reino-unido,1470,1597
mpd2020-pib-per-capita-paises-pre1820,reino-unido,1471,1525
mpd2020-pib-per-capita-paises-pre1820,reino-unido,1472,1575
mpd2020-pib-per-capita-paises-pre1820,reino-unido,1473,1560
mpd2020-pib-per-capita-paises-pre1820,reino-unido,1474,1642
mpd2020-pib-per-capita-paises-pre1820,reino-unido,1475,1592
mpd2020-pib-per-capita-paises-pre1820,reino-unido,1476,1475
mpd2020-pib-per-capita-paises-pre1820,reino-unido,1477,1541
mpd2020-pib-per-capita-paises-pre1820,reino-unido,1478,1583
mpd2020-pib-per-capita-paises-pre1820,reino-unido,1479,1672
mpd2020-pib-per-capita-paises-pre1820,reino-unido,1480,1718
mpd2020-pib-per-capita-paises-pre1820,reino-unido,1481,1640
mpd2020-pib-per-capita-paises-pre1820,reino-unido,1482,1566
mpd2020-pib-per-capita-paises-pre1820,reino-unido,1483,1641
mpd2020-pib-per-capita-paises-pre1820,reino-unido,1484,1623
mpd2020-pib-per-capita-paises-pre1820,reino-unido,1485,1532
mpd2020-pib-per-capita-paises-pre1820,reino-unido,1486,1696
mpd2020-pib-per-capita-paises-pre1820,reino-unido,1487,1548
mpd2020-pib-per-capita-paises-pre1820,reino-unido,1488,1579
mpd2020-pib-per-capita-paises-pre1820,reino-unido,1489,1612
mpd2020-pib-per-capita-paises-pre1820,reino-unido,1490,1620
mpd2020-pib-per-capita-paises-pre1820,reino-unido,1491,1632
mpd2020-pib-per-capita-paises-pre1820,reino-unido,1492,1649
mpd2020-pib-per-capita-paises-pre1820,reino-unido,1493,1620
mpd2020-pib-per-capita-paises-pre1820,reino-unido,1494,1695
mpd2020-pib-per-capita-paises-pre1820,reino-unido,1495,1659
mpd2020-pib-per-capita-paises-pre1820,reino-unido,1496,1605
mpd2020-pib-per-capita-paises-pre1820,reino-unido,1497,1710
mpd2020-pib-per-capita-paises-pre1820,reino-unido,1498,1724
mpd2020-pib-per-capita-paises-pre1820,reino-unido,1499,1728
mpd2020-pib-per-capita-paises-pre1820,reino-unido,1500,1697
mpd2020-pib-per-capita-paises-pre1820,reino-unido,1501,1633
mpd2020-pib-per-capita-paises-pre1820,reino-unido,1502,1689
mpd2020-pib-per-capita-paises-pre1820,reino-unido,1503,1757
mpd2020-pib-per-capita-paises-pre1820,reino-unido,1504,1758
mpd2020-pib-per-capita-paises-pre1820,reino-unido,1505,1773
mpd2020-pib-per-capita-paises-pre1820,reino-unido,1506,1776
mpd2020-pib-per-capita-paises-pre1820,reino-unido,1507,1740
mpd2020-pib-per-capita-paises-pre1820,reino-unido,1508,1760
mpd2020-pib-per-capita-paises-pre1820,reino-unido,1509,1837
mpd2020-pib-per-capita-paises-pre1820,reino-unido,1510,1768
mpd2020-pib-per-capita-paises-pre1820,reino-unido,1511,1799
mpd2020-pib-per-capita-paises-pre1820,reino-unido,1512,1715
mpd2020-pib-per-capita-paises-pre1820,reino-unido,1513,1785
mpd2020-pib-per-capita-paises-pre1820,reino-unido,1514,1777
mpd2020-pib-per-capita-paises-pre1820,reino-unido,1515,1820
mpd2020-pib-per-capita-paises-pre1820,reino-unido,1516,1800
mpd2020-pib-per-capita-paises-pre1820,reino-unido,1517,1800
mpd2020-pib-per-capita-paises-pre1820,reino-unido,1518,1805
mpd2020-pib-per-capita-paises-pre1820,reino-unido,1519,1784
mpd2020-pib-per-capita-paises-pre1820,reino-unido,1520,1755
mpd2020-pib-per-capita-paises-pre1820,reino-unido,1521,1791
mpd2020-pib-per-capita-paises-pre1820,reino-unido,1522,1818
mpd2020-pib-per-capita-paises-pre1820,reino-unido,1523,1847
mpd2020-pib-per-capita-paises-pre1820,reino-unido,1524,1866
mpd2020-pib-per-capita-paises-pre1820,reino-unido,1525,1848
mpd2020-pib-per-capita-paises-pre1820,reino-unido,1526,1852
mpd2020-pib-per-capita-paises-pre1820,reino-unido,1527,1713
mpd2020-pib-per-capita-paises-pre1820,reino-unido,1528,1722
mpd2020-pib-per-capita-paises-pre1820,reino-unido,1529,1741
mpd2020-pib-per-capita-paises-pre1820,reino-unido,1530,1755
mpd2020-pib-per-capita-paises-pre1820,reino-unido,1531,1689
mpd2020-pib-per-capita-paises-pre1820,reino-unido,1532,1741
mpd2020-pib-per-capita-paises-pre1820,reino-unido,1533,1725
mpd2020-pib-per-capita-paises-pre1820,reino-unido,1534,1795
mpd2020-pib-per-capita-paises-pre1820,reino-unido,1535,1665
mpd2020-pib-per-capita-paises-pre1820,reino-unido,1536,1639
mpd2020-pib-per-capita-paises-pre1820,reino-unido,1537,1758
mpd2020-pib-per-capita-paises-pre1820,reino-unido,1538,1657
mpd2020-pib-per-capita-paises-pre1820,reino-unido,1539,1780
mpd2020-pib-per-capita-paises-pre1820,reino-unido,1540,1713
mpd2020-pib-per-capita-paises-pre1820,reino-unido,1541,1659
mpd2020-pib-per-capita-paises-pre1820,reino-unido,1542,1711
mpd2020-pib-per-capita-paises-pre1820,reino-unido,1543,1649
mpd2020-pib-per-capita-paises-pre1820,reino-unido,1544,1734
mpd2020-pib-per-capita-paises-pre1820,reino-unido,1545,1680
mpd2020-pib-per-capita-paises-pre1820,reino-unido,1546,1705
mpd2020-pib-per-capita-paises-pre1820,reino-unido,1547,1841
mpd2020-pib-per-capita-paises-pre1820,reino-unido,1548,1755
mpd2020-pib-per-capita-paises-pre1820,reino-unido,1549,1678
mpd2020-pib-per-capita-paises-pre1820,reino-unido,1550,1654
mpd2020-pib-per-capita-paises-pre1820,reino-unido,1551,1604
mpd2020-pib-per-capita-paises-pre1820,reino-unido,1552,1528
mpd2020-pib-per-capita-paises-pre1820,reino-unido,1553,1781
mpd2020-pib-per-capita-paises-pre1820,reino-unido,1554,1616
mpd2020-pib-per-capita-paises-pre1820,reino-unido,1555,1599
mpd2020-pib-per-capita-paises-pre1820,reino-unido,1556,1295
mpd2020-pib-per-capita-paises-pre1820,reino-unido,1557,1419
mpd2020-pib-per-capita-paises-pre1820,reino-unido,1558,1843
mpd2020-pib-per-capita-paises-pre1820,reino-unido,1559,1744
mpd2020-pib-per-capita-paises-pre1820,reino-unido,1560,1753
mpd2020-pib-per-capita-paises-pre1820,reino-unido,1561,1778
mpd2020-pib-per-capita-paises-pre1820,reino-unido,1562,1762
mpd2020-pib-per-capita-paises-pre1820,reino-unido,1563,1913
mpd2020-pib-per-capita-paises-pre1820,reino-unido,1564,1843
mpd2020-pib-per-capita-paises-pre1820,reino-unido,1565,1839
mpd2020-pib-per-capita-paises-pre1820,reino-unido,1566,2056
mpd2020-pib-per-capita-paises-pre1820,reino-unido,1567,1920
mpd2020-pib-per-capita-paises-pre1820,reino-unido,1568,1911
mpd2020-pib-per-capita-paises-pre1820,reino-unido,1569,1895
mpd2020-pib-per-capita-paises-pre1820,reino-unido,1570,1737
mpd2020-pib-per-capita-paises-pre1820,reino-unido,1571,1737
mpd2020-pib-per-capita-paises-pre1820,reino-unido,1572,1675
mpd2020-pib-per-capita-paises-pre1820,reino-unido,1573,1914
mpd2020-pib-per-capita-paises-pre1820,reino-unido,1574,1689
mpd2020-pib-per-capita-paises-pre1820,reino-unido,1575,1876
mpd2020-pib-per-capita-paises-pre1820,reino-unido,1576,1929
mpd2020-pib-per-capita-paises-pre1820,reino-unido,1577,1630
mpd2020-pib-per-capita-paises-pre1820,reino-unido,1578,1854
mpd2020-pib-per-capita-paises-pre1820,reino-unido,1579,1820
mpd2020-pib-per-capita-paises-pre1820,reino-unido,1580,1716
mpd2020-pib-per-capita-paises-pre1820,reino-unido,1581,1654
mpd2020-pib-per-capita-paises-pre1820,reino-unido,1582,1476
mpd2020-pib-per-capita-paises-pre1820,reino-unido,1583,1661
mpd2020-pib-per-capita-paises-pre1820,reino-unido,1584,1597
mpd2020-pib-per-capita-paises-pre1820,reino-unido,1585,1396
mpd2020-pib-per-capita-paises-pre1820,reino-unido,1586,1356
mpd2020-pib-per-capita-paises-pre1820,reino-unido,1587,1502
mpd2020-pib-per-capita-paises-pre1820,reino-unido,1588,1690
mpd2020-pib-per-capita-paises-pre1820,reino-unido,1589,1474
mpd2020-pib-per-capita-paises-pre1820,reino-unido,1590,1558
mpd2020-pib-per-capita-paises-pre1820,reino-unido,1591,1568
mpd2020-pib-per-capita-paises-pre1820,reino-unido,1592,1692
mpd2020-pib-per-capita-paises-pre1820,reino-unido,1593,1792
mpd2020-pib-per-capita-paises-pre1820,reino-unido,1594,1454
mpd2020-pib-per-capita-paises-pre1820,reino-unido,1595,1453
mpd2020-pib-per-capita-paises-pre1820,reino-unido,1596,1379
mpd2020-pib-per-capita-paises-pre1820,reino-unido,1597,1316
mpd2020-pib-per-capita-paises-pre1820,reino-unido,1598,1569
mpd2020-pib-per-capita-paises-pre1820,reino-unido,1599,1788
mpd2020-pib-per-capita-paises-pre1820,reino-unido,1600,1691
mpd2020-pib-per-capita-paises-pre1820,reino-unido,1601,1671
mpd2020-pib-per-capita-paises-pre1820,reino-unido,1602,1751
mpd2020-pib-per-capita-paises-pre1820,reino-unido,1603,1849
mpd2020-pib-per-capita-paises-pre1820,reino-unido,1604,1967
mpd2020-pib-per-capita-paises-pre1820,reino-unido,1605,1752
mpd2020-pib-per-capita-paises-pre1820,reino-unido,1606,1831
mpd2020-pib-per-capita-paises-pre1820,reino-unido,1607,1660
mpd2020-pib-per-capita-paises-pre1820,reino-unido,1608,1571
mpd2020-pib-per-capita-paises-pre1820,reino-unido,1609,1812
mpd2020-pib-per-capita-paises-pre1820,reino-unido,1610,1919
mpd2020-pib-per-capita-paises-pre1820,reino-unido,1611,1757
mpd2020-pib-per-capita-paises-pre1820,reino-unido,1612,1675
mpd2020-pib-per-capita-paises-pre1820,reino-unido,1613,1612
mpd2020-pib-per-capita-paises-pre1820,reino-unido,1614,1555
mpd2020-pib-per-capita-paises-pre1820,reino-unido,1615,1681
mpd2020-pib-per-capita-paises-pre1820,reino-unido,1616,1586
mpd2020-pib-per-capita-paises-pre1820,reino-unido,1617,1749
mpd2020-pib-per-capita-paises-pre1820,reino-unido,1618,1740
mpd2020-pib-per-capita-paises-pre1820,reino-unido,1619,1586
mpd2020-pib-per-capita-paises-pre1820,reino-unido,1620,1842
mpd2020-pib-per-capita-paises-pre1820,reino-unido,1621,1832
mpd2020-pib-per-capita-paises-pre1820,reino-unido,1622,1581
mpd2020-pib-per-capita-paises-pre1820,reino-unido,1623,1568
mpd2020-pib-per-capita-paises-pre1820,reino-unido,1624,1781
mpd2020-pib-per-capita-paises-pre1820,reino-unido,1625,1798
mpd2020-pib-per-capita-paises-pre1820,reino-unido,1626,1730
mpd2020-pib-per-capita-paises-pre1820,reino-unido,1627,1733
mpd2020-pib-per-capita-paises-pre1820,reino-unido,1628,1947
mpd2020-pib-per-capita-paises-pre1820,reino-unido,1629,1430
mpd2020-pib-per-capita-paises-pre1820,reino-unido,1630,1416
mpd2020-pib-per-capita-paises-pre1820,reino-unido,1631,1451
mpd2020-pib-per-capita-paises-pre1820,reino-unido,1632,1630
mpd2020-pib-per-capita-paises-pre1820,reino-unido,1633,1501
mpd2020-pib-per-capita-paises-pre1820,reino-unido,1634,1519
mpd2020-pib-per-capita-paises-pre1820,reino-unido,1635,1571
mpd2020-pib-per-capita-paises-pre1820,reino-unido,1636,1526
mpd2020-pib-per-capita-paises-pre1820,reino-unido,1637,1476
mpd2020-pib-per-capita-paises-pre1820,reino-unido,1638,1624
mpd2020-pib-per-capita-paises-pre1820,reino-unido,1639,1640
mpd2020-pib-per-capita-paises-pre1820,reino-unido,1640,1683
mpd2020-pib-per-capita-paises-pre1820,reino-unido,1641,1499
mpd2020-pib-per-capita-paises-pre1820,reino-unido,1642,1635
mpd2020-pib-per-capita-paises-pre1820,reino-unido,1643,1725
mpd2020-pib-per-capita-paises-pre1820,reino-unido,1644,1745
mpd2020-pib-per-capita-paises-pre1820,reino-unido,1645,1511
mpd2020-pib-per-capita-paises-pre1820,reino-unido,1646,1524
mpd2020-pib-per-capita-paises-pre1820,reino-unido,1647,1515
mpd2020-pib-per-capita-paises-pre1820,reino-unido,1648,1535
mpd2020-pib-per-capita-paises-pre1820,reino-unido,1649,1508
mpd2020-pib-per-capita-paises-pre1820,reino-unido,1650,1446
mpd2020-pib-per-capita-paises-pre1820,reino-unido,1651,1527
mpd2020-pib-per-capita-paises-pre1820,reino-unido,1652,1720
mpd2020-pib-per-capita-paises-pre1820,reino-unido,1653,1920
mpd2020-pib-per-capita-paises-pre1820,reino-unido,1654,1903
mpd2020-pib-per-capita-paises-pre1820,reino-unido,1655,1982
mpd2020-pib-per-capita-paises-pre1820,reino-unido,1656,1835
mpd2020-pib-per-capita-paises-pre1820,reino-unido,1657,1727
mpd2020-pib-per-capita-paises-pre1820,reino-unido,1658,1702
mpd2020-pib-per-capita-paises-pre1820,reino-unido,1659,1441
mpd2020-pib-per-capita-paises-pre1820,reino-unido,1660,1578
mpd2020-pib-per-capita-paises-pre1820,reino-unido,1661,1610
mpd2020-pib-per-capita-paises-pre1820,reino-unido,1662,1664
mpd2020-pib-per-capita-paises-pre1820,reino-unido,1663,1959
mpd2020-pib-per-capita-paises-pre1820,reino-unido,1664,1828
mpd2020-pib-per-capita-paises-pre1820,reino-unido,1665,1907
mpd2020-pib-per-capita-paises-pre1820,reino-unido,1666,2135
mpd2020-pib-per-capita-paises-pre1820,reino-unido,1667,2196
mpd2020-pib-per-capita-paises-pre1820,reino-unido,1668,1940
mpd2020-pib-per-capita-paises-pre1820,reino-unido,1669,1991
mpd2020-pib-per-capita-paises-pre1820,reino-unido,1670,1934
mpd2020-pib-per-capita-paises-pre1820,reino-unido,1671,1873
mpd2020-pib-per-capita-paises-pre1820,reino-unido,1672,1860
mpd2020-pib-per-capita-paises-pre1820,reino-unido,1673,1897
mpd2020-pib-per-capita-paises-pre1820,reino-unido,1674,1806
mpd2020-pib-per-capita-paises-pre1820,reino-unido,1675,1853
mpd2020-pib-per-capita-paises-pre1820,reino-unido,1676,2191
mpd2020-pib-per-capita-paises-pre1820,reino-unido,1677,2029
mpd2020-pib-per-capita-paises-pre1820,reino-unido,1678,2103
mpd2020-pib-per-capita-paises-pre1820,reino-unido,1679,1963
mpd2020-pib-per-capita-paises-pre1820,reino-unido,1680,2209
mpd2020-pib-per-capita-paises-pre1820,reino-unido,1681,2004
mpd2020-pib-per-capita-paises-pre1820,reino-unido,1682,2150
mpd2020-pib-per-capita-paises-pre1820,reino-unido,1683,2323
mpd2020-pib-per-capita-paises-pre1820,reino-unido,1684,1946
mpd2020-pib-per-capita-paises-pre1820,reino-unido,1685,2110
mpd2020-pib-per-capita-paises-pre1820,reino-unido,1686,1949
mpd2020-pib-per-capita-paises-pre1820,reino-unido,1687,2169
mpd2020-pib-per-capita-paises-pre1820,reino-unido,1688,2333
mpd2020-pib-per-capita-paises-pre1820,reino-unido,1689,2233
mpd2020-pib-per-capita-paises-pre1820,reino-unido,1690,2386
mpd2020-pib-per-capita-paises-pre1820,reino-unido,1691,2400
mpd2020-pib-per-capita-paises-pre1820,reino-unido,1692,2595
mpd2020-pib-per-capita-paises-pre1820,reino-unido,1693,2197
mpd2020-pib-per-capita-paises-pre1820,reino-unido,1694,2616
mpd2020-pib-per-capita-paises-pre1820,reino-unido,1695,2502
mpd2020-pib-per-capita-paises-pre1820,reino-unido,1696,2392
mpd2020-pib-per-capita-paises-pre1820,reino-unido,1697,2361
mpd2020-pib-per-capita-paises-pre1820,reino-unido,1698,2417
mpd2020-pib-per-capita-paises-pre1820,reino-unido,1699,2324
mpd2020-pib-per-capita-paises-pre1820,reino-unido,1700,2412
mpd2020-pib-per-capita-paises-pre1820,reino-unido,1701,2613
mpd2020-pib-per-capita-paises-pre1820,reino-unido,1702,2526
mpd2020-pib-per-capita-paises-pre1820,reino-unido,1703,2345
mpd2020-pib-per-capita-paises-pre1820,reino-unido,1704,2778
mpd2020-pib-per-capita-paises-pre1820,reino-unido,1705,2630
mpd2020-pib-per-capita-paises-pre1820,reino-unido,1706,2220
mpd2020-pib-per-capita-paises-pre1820,reino-unido,1707,2485
mpd2020-pib-per-capita-paises-pre1820,reino-unido,1708,2636
mpd2020-pib-per-capita-paises-pre1820,reino-unido,1709,2278
mpd2020-pib-per-capita-paises-pre1820,reino-unido,1710,2066
mpd2020-pib-per-capita-paises-pre1820,reino-unido,1711,2255
mpd2020-pib-per-capita-paises-pre1820,reino-unido,1712,2257
mpd2020-pib-per-capita-paises-pre1820,reino-unido,1713,2157
mpd2020-pib-per-capita-paises-pre1820,reino-unido,1714,2364
mpd2020-pib-per-capita-paises-pre1820,reino-unido,1715,2294
mpd2020-pib-per-capita-paises-pre1820,reino-unido,1716,2367
mpd2020-pib-per-capita-paises-pre1820,reino-unido,1717,2483
mpd2020-pib-per-capita-paises-pre1820,reino-unido,1718,2606
mpd2020-pib-per-capita-paises-pre1820,reino-unido,1719,2542
mpd2020-pib-per-capita-paises-pre1820,reino-unido,1720,2715
mpd2020-pib-per-capita-paises-pre1820,reino-unido,1721,2611
mpd2020-pib-per-capita-paises-pre1820,reino-unido,1722,2636
mpd2020-pib-per-capita-paises-pre1820,reino-unido,1723,2563
mpd2020-pib-per-capita-paises-pre1820,reino-unido,1724,2528
mpd2020-pib-per-capita-paises-pre1820,reino-unido,1725,2585
mpd2020-pib-per-capita-paises-pre1820,reino-unido,1726,2483
mpd2020-pib-per-capita-paises-pre1820,reino-unido,1727,2455
mpd2020-pib-per-capita-paises-pre1820,reino-unido,1728,2554
mpd2020-pib-per-capita-paises-pre1820,reino-unido,1729,2452
mpd2020-pib-per-capita-paises-pre1820,reino-unido,1730,2538
mpd2020-pib-per-capita-paises-pre1820,reino-unido,1731,2499
mpd2020-pib-per-capita-paises-pre1820,reino-unido,1732,2654
mpd2020-pib-per-capita-paises-pre1820,reino-unido,1733,2699
mpd2020-pib-per-capita-paises-pre1820,reino-unido,1734,2662
mpd2020-pib-per-capita-paises-pre1820,reino-unido,1735,2576
mpd2020-pib-per-capita-paises-pre1820,reino-unido,1736,2745
mpd2020-pib-per-capita-paises-pre1820,reino-unido,1737,2582
mpd2020-pib-per-capita-paises-pre1820,reino-unido,1738,2619
mpd2020-pib-per-capita-paises-pre1820,reino-unido,1739,2584
mpd2020-pib-per-capita-paises-pre1820,reino-unido,1740,2526
mpd2020-pib-per-capita-paises-pre1820,reino-unido,1741,2595
mpd2020-pib-per-capita-paises-pre1820,reino-unido,1742,2683
mpd2020-pib-per-capita-paises-pre1820,reino-unido,1743,2621
mpd2020-pib-per-capita-paises-pre1820,reino-unido,1744,2565
mpd2020-pib-per-capita-paises-pre1820,reino-unido,1745,2577
mpd2020-pib-per-capita-paises-pre1820,reino-unido,1746,2641
mpd2020-pib-per-capita-paises-pre1820,reino-unido,1747,2750
mpd2020-pib-per-capita-paises-pre1820,reino-unido,1748,2713
mpd2020-pib-per-capita-paises-pre1820,reino-unido,1749,2681
mpd2020-pib-per-capita-paises-pre1820,reino-unido,1750,2702
mpd2020-pib-per-capita-paises-pre1820,reino-unido,1751,2627
mpd2020-pib-per-capita-paises-pre1820,reino-unido,1752,2738
mpd2020-pib-per-capita-paises-pre1820,reino-unido,1753,2743
mpd2020-pib-per-capita-paises-pre1820,reino-unido,1754,2648
mpd2020-pib-per-capita-paises-pre1820,reino-unido,1755,2710
mpd2020-pib-per-capita-paises-pre1820,reino-unido,1756,2643
mpd2020-pib-per-capita-paises-pre1820,reino-unido,1757,2783
mpd2020-pib-per-capita-paises-pre1820,reino-unido,1758,2815
mpd2020-pib-per-capita-paises-pre1820,reino-unido,1759,2850
mpd2020-pib-per-capita-paises-pre1820,reino-unido,1760,2915
mpd2020-pib-per-capita-paises-pre1820,reino-unido,1761,3011
mpd2020-pib-per-capita-paises-pre1820,reino-unido,1762,2917
mpd2020-pib-per-capita-paises-pre1820,reino-unido,1763,2914
mpd2020-pib-per-capita-paises-pre1820,reino-unido,1764,2898
mpd2020-pib-per-capita-paises-pre1820,reino-unido,1765,2853
mpd2020-pib-per-capita-paises-pre1820,reino-unido,1766,2879
mpd2020-pib-per-capita-paises-pre1820,reino-unido,1767,2891
mpd2020-pib-per-capita-paises-pre1820,reino-unido,1768,2911
mpd2020-pib-per-capita-paises-pre1820,reino-unido,1769,3056
mpd2020-pib-per-capita-paises-pre1820,reino-unido,1770,2952
mpd2020-pib-per-capita-paises-pre1820,reino-unido,1771,2989
mpd2020-pib-per-capita-paises-pre1820,reino-unido,1772,2890
mpd2020-pib-per-capita-paises-pre1820,reino-unido,1773,2920
mpd2020-pib-per-capita-paises-pre1820,reino-unido,1774,2834
mpd2020-pib-per-capita-paises-pre1820,reino-unido,1775,2895
mpd2020-pib-per-capita-paises-pre1820,reino-unido,1776,2962
mpd2020-pib-per-capita-paises-pre1820,reino-unido,1777,3017
mpd2020-pib-per-capita-paises-pre1820,reino-unido,1778,2966
mpd2020-pib-per-capita-paises-pre1820,reino-unido,1779,2931
mpd2020-pib-per-capita-paises-pre1820,reino-unido,1780,3049
mpd2020-pib-per-capita-paises-pre1820,reino-unido,1781,3102
mpd2020-pib-per-capita-paises-pre1820,reino-unido,1782,3048
mpd2020-pib-per-capita-paises-pre1820,reino-unido,1783,3027
mpd2020-pib-per-capita-paises-pre1820,reino-unido,1784,3009
mpd2020-pib-per-capita-paises-pre1820,reino-unido,1785,2962
mpd2020-pib-per-capita-paises-pre1820,reino-unido,1786,2981
mpd2020-pib-per-capita-paises-pre1820,reino-unido,1787,2898
mpd2020-pib-per-capita-paises-pre1820,reino-unido,1788,2861
mpd2020-pib-per-capita-paises-pre1820,reino-unido,1789,2888
mpd2020-pib-per-capita-paises-pre1820,reino-unido,1790,3072
mpd2020-pib-per-capita-paises-pre1820,reino-unido,1791,3046
mpd2020-pib-per-capita-paises-pre1820,reino-unido,1792,3134
mpd2020-pib-per-capita-paises-pre1820,reino-unido,1793,3051
mpd2020-pib-per-capita-paises-pre1820,reino-unido,1794,2925
mpd2020-pib-per-capita-paises-pre1820,reino-unido,1795,3207
mpd2020-pib-per-capita-paises-pre1820,reino-unido,1796,3233
mpd2020-pib-per-capita-paises-pre1820,reino-unido,1797,3167
mpd2020-pib-per-capita-paises-pre1820,reino-unido,1798,3161
mpd2020-pib-per-capita-paises-pre1820,reino-unido,1799,3207
mpd2020-pib-per-capita-paises-pre1820,reino-unido,1800,3343
mpd2020-pib-per-capita-paises-pre1820,reino-unido,1801,3351
mpd2020-pib-per-capita-paises-pre1820,reino-unido,1802,3360
mpd2020-pib-per-capita-paises-pre1820,reino-unido,1803,3252
mpd2020-pib-per-capita-paises-pre1820,reino-unido,1804,3204
mpd2020-pib-per-capita-paises-pre1820,reino-unido,1805,3347
mpd2020-pib-per-capita-paises-pre1820,reino-unido,1806,3287
mpd2020-pib-per-capita-paises-pre1820,reino-unido,1807,3454
mpd2020-pib-per-capita-paises-pre1820,reino-unido,1808,3250
mpd2020-pib-per-capita-paises-pre1820,reino-unido,1809,3309
mpd2020-pib-per-capita-paises-pre1820,reino-unido,1810,3478
mpd2020-pib-per-capita-paises-pre1820,reino-unido,1811,3397
mpd2020-pib-per-capita-paises-pre1820,reino-unido,1812,3207
mpd2020-pib-per-capita-paises-pre1820,reino-unido,1813,3328
mpd2020-pib-per-capita-paises-pre1820,reino-unido,1814,3204
mpd2020-pib-per-capita-paises-pre1820,reino-unido,1815,3489
mpd2020-pib-per-capita-paises-pre1820,reino-unido,1816,3250
mpd2020-pib-per-capita-paises-pre1820,reino-unido,1817,3253
mpd2020-pib-per-capita-paises-pre1820,reino-unido,1818,3201
mpd2020-pib-per-capita-paises-pre1820,reino-unido,1819,3103
mpd2020-pib-per-capita-paises-pre1820,india,1600,1264
mpd2020-pib-per-capita-paises-pre1820,india,1650,1189
mpd2020-pib-per-capita-paises-pre1820,india,1700,1162
mpd2020-pib-per-capita-paises-pre1820,india,1750,1068
mpd2020-pib-per-capita-paises-pre1820,india,1801,1033
mpd2020-pib-per-capita-paises-pre1820,india,1811,983
mpd2020-pib-per-capita-paises-pre1820,japon,730,597.84
mpd2020-pib-per-capita-paises-pre1820,japon,1000,1009.65
mpd2020-pib-per-capita-paises-pre1820,japon,1120,926.97
mpd2020-pib-per-capita-paises-pre1820,japon,1280,841.11
mpd2020-pib-per-capita-paises-pre1820,japon,1450,866.55
mpd2020-pib-per-capita-paises-pre1820,japon,1600,1061
mpd2020-pib-per-capita-paises-pre1820,japon,1700,1073
mpd2020-pib-per-capita-paises-pre1820,japon,1721,1073.25
mpd2020-pib-per-capita-paises-pre1820,japon,1750,953
mpd2020-pib-per-capita-paises-pre1820,japon,1800,1317
mpd2020-pib-per-capita-paises-pre1820,japon,1804,1316.52
mpd2020-pib-per-capita-paises-pre1820,mexico,1550,574
mpd2020-pib-per-capita-paises-pre1820,mexico,1570,606
mpd2020-pib-per-capita-paises-pre1820,mexico,1595,746
mpd2020-pib-per-capita-paises-pre1820,mexico,1596,752
mpd2020-pib-per-capita-paises-pre1820,mexico,1597,740
mpd2020-pib-per-capita-paises-pre1820,mexico,1598,741
mpd2020-pib-per-capita-paises-pre1820,mexico,1599,767
mpd2020-pib-per-capita-paises-pre1820,mexico,1600,799
mpd2020-pib-per-capita-paises-pre1820,mexico,1601,811
mpd2020-pib-per-capita-paises-pre1820,mexico,1602,821
mpd2020-pib-per-capita-paises-pre1820,mexico,1603,835
mpd2020-pib-per-capita-paises-pre1820,mexico,1604,853
mpd2020-pib-per-capita-paises-pre1820,mexico,1605,867
mpd2020-pib-per-capita-paises-pre1820,mexico,1606,891
mpd2020-pib-per-capita-paises-pre1820,mexico,1607,907
mpd2020-pib-per-capita-paises-pre1820,mexico,1608,936
mpd2020-pib-per-capita-paises-pre1820,mexico,1609,964
mpd2020-pib-per-capita-paises-pre1820,mexico,1610,976
mpd2020-pib-per-capita-paises-pre1820,mexico,1611,979
mpd2020-pib-per-capita-paises-pre1820,mexico,1612,1003
mpd2020-pib-per-capita-paises-pre1820,mexico,1613,1009
mpd2020-pib-per-capita-paises-pre1820,mexico,1614,1004
mpd2020-pib-per-capita-paises-pre1820,mexico,1615,999
mpd2020-pib-per-capita-paises-pre1820,mexico,1616,993
mpd2020-pib-per-capita-paises-pre1820,mexico,1617,996
mpd2020-pib-per-capita-paises-pre1820,mexico,1618,1001
mpd2020-pib-per-capita-paises-pre1820,mexico,1619,987
mpd2020-pib-per-capita-paises-pre1820,mexico,1620,1003
mpd2020-pib-per-capita-paises-pre1820,mexico,1621,1014
mpd2020-pib-per-capita-paises-pre1820,mexico,1622,1023
mpd2020-pib-per-capita-paises-pre1820,mexico,1623,1022
mpd2020-pib-per-capita-paises-pre1820,mexico,1624,1015
mpd2020-pib-per-capita-paises-pre1820,mexico,1625,1022
mpd2020-pib-per-capita-paises-pre1820,mexico,1626,1050
mpd2020-pib-per-capita-paises-pre1820,mexico,1627,1079
mpd2020-pib-per-capita-paises-pre1820,mexico,1628,1078
mpd2020-pib-per-capita-paises-pre1820,mexico,1629,1089
mpd2020-pib-per-capita-paises-pre1820,mexico,1630,1121
mpd2020-pib-per-capita-paises-pre1820,mexico,1631,1121
mpd2020-pib-per-capita-paises-pre1820,mexico,1632,1117
mpd2020-pib-per-capita-paises-pre1820,mexico,1633,1119
mpd2020-pib-per-capita-paises-pre1820,mexico,1634,1117
mpd2020-pib-per-capita-paises-pre1820,mexico,1635,1137
mpd2020-pib-per-capita-paises-pre1820,mexico,1636,1152
mpd2020-pib-per-capita-paises-pre1820,mexico,1637,1129
mpd2020-pib-per-capita-paises-pre1820,mexico,1638,1098
mpd2020-pib-per-capita-paises-pre1820,mexico,1639,1092
mpd2020-pib-per-capita-paises-pre1820,mexico,1640,1090
mpd2020-pib-per-capita-paises-pre1820,mexico,1641,1090
mpd2020-pib-per-capita-paises-pre1820,mexico,1642,1092
mpd2020-pib-per-capita-paises-pre1820,mexico,1643,1090
mpd2020-pib-per-capita-paises-pre1820,mexico,1644,1087
mpd2020-pib-per-capita-paises-pre1820,mexico,1645,1081
mpd2020-pib-per-capita-paises-pre1820,mexico,1646,1078
mpd2020-pib-per-capita-paises-pre1820,mexico,1647,1089
mpd2020-pib-per-capita-paises-pre1820,mexico,1648,1117
mpd2020-pib-per-capita-paises-pre1820,mexico,1649,1146
mpd2020-pib-per-capita-paises-pre1820,mexico,1650,1172
mpd2020-pib-per-capita-paises-pre1820,mexico,1651,1164
mpd2020-pib-per-capita-paises-pre1820,mexico,1652,1167
mpd2020-pib-per-capita-paises-pre1820,mexico,1653,1165
mpd2020-pib-per-capita-paises-pre1820,mexico,1654,1165
mpd2020-pib-per-capita-paises-pre1820,mexico,1655,1168
mpd2020-pib-per-capita-paises-pre1820,mexico,1656,1162
mpd2020-pib-per-capita-paises-pre1820,mexico,1657,1146
mpd2020-pib-per-capita-paises-pre1820,mexico,1658,1148
mpd2020-pib-per-capita-paises-pre1820,mexico,1659,1157
mpd2020-pib-per-capita-paises-pre1820,mexico,1660,1172
mpd2020-pib-per-capita-paises-pre1820,mexico,1661,1181
mpd2020-pib-per-capita-paises-pre1820,mexico,1662,1180
mpd2020-pib-per-capita-paises-pre1820,mexico,1663,1176
mpd2020-pib-per-capita-paises-pre1820,mexico,1664,1216
mpd2020-pib-per-capita-paises-pre1820,mexico,1665,1278
mpd2020-pib-per-capita-paises-pre1820,mexico,1666,1336
mpd2020-pib-per-capita-paises-pre1820,mexico,1667,1379
mpd2020-pib-per-capita-paises-pre1820,mexico,1668,1388
mpd2020-pib-per-capita-paises-pre1820,mexico,1669,1406
mpd2020-pib-per-capita-paises-pre1820,mexico,1670,1428
mpd2020-pib-per-capita-paises-pre1820,mexico,1671,1451
mpd2020-pib-per-capita-paises-pre1820,mexico,1672,1457
mpd2020-pib-per-capita-paises-pre1820,mexico,1673,1466
mpd2020-pib-per-capita-paises-pre1820,mexico,1674,1474
mpd2020-pib-per-capita-paises-pre1820,mexico,1675,1449
mpd2020-pib-per-capita-paises-pre1820,mexico,1676,1396
mpd2020-pib-per-capita-paises-pre1820,mexico,1677,1350
mpd2020-pib-per-capita-paises-pre1820,mexico,1678,1326
mpd2020-pib-per-capita-paises-pre1820,mexico,1679,1318
mpd2020-pib-per-capita-paises-pre1820,mexico,1680,1301
mpd2020-pib-per-capita-paises-pre1820,mexico,1681,1256
mpd2020-pib-per-capita-paises-pre1820,mexico,1682,1223
mpd2020-pib-per-capita-paises-pre1820,mexico,1683,1213
mpd2020-pib-per-capita-paises-pre1820,mexico,1684,1218
mpd2020-pib-per-capita-paises-pre1820,mexico,1685,1258
mpd2020-pib-per-capita-paises-pre1820,mexico,1686,1274
mpd2020-pib-per-capita-paises-pre1820,mexico,1687,1269
mpd2020-pib-per-capita-paises-pre1820,mexico,1688,1270
mpd2020-pib-per-capita-paises-pre1820,mexico,1689,1286
mpd2020-pib-per-capita-paises-pre1820,mexico,1690,1278
mpd2020-pib-per-capita-paises-pre1820,mexico,1691,1267
mpd2020-pib-per-capita-paises-pre1820,mexico,1692,1304
mpd2020-pib-per-capita-paises-pre1820,mexico,1693,1326
mpd2020-pib-per-capita-paises-pre1820,mexico,1694,1376
mpd2020-pib-per-capita-paises-pre1820,mexico,1695,1382
mpd2020-pib-per-capita-paises-pre1820,mexico,1696,1380
mpd2020-pib-per-capita-paises-pre1820,mexico,1697,1393
mpd2020-pib-per-capita-paises-pre1820,mexico,1698,1415
mpd2020-pib-per-capita-paises-pre1820,mexico,1699,1443
mpd2020-pib-per-capita-paises-pre1820,mexico,1700,1476
mpd2020-pib-per-capita-paises-pre1820,mexico,1701,1498
mpd2020-pib-per-capita-paises-pre1820,mexico,1702,1541
mpd2020-pib-per-capita-paises-pre1820,mexico,1703,1564
mpd2020-pib-per-capita-paises-pre1820,mexico,1704,1538
mpd2020-pib-per-capita-paises-pre1820,mexico,1705,1478
mpd2020-pib-per-capita-paises-pre1820,mexico,1706,1465
mpd2020-pib-per-capita-paises-pre1820,mexico,1707,1431
mpd2020-pib-per-capita-paises-pre1820,mexico,1708,1406
mpd2020-pib-per-capita-paises-pre1820,mexico,1709,1441
mpd2020-pib-per-capita-paises-pre1820,mexico,1710,1490
mpd2020-pib-per-capita-paises-pre1820,mexico,1711,1516
mpd2020-pib-per-capita-paises-pre1820,mexico,1712,1540
mpd2020-pib-per-capita-paises-pre1820,mexico,1713,1525
mpd2020-pib-per-capita-paises-pre1820,mexico,1714,1490
mpd2020-pib-per-capita-paises-pre1820,mexico,1715,1510
mpd2020-pib-per-capita-paises-pre1820,mexico,1716,1529
mpd2020-pib-per-capita-paises-pre1820,mexico,1717,1529
mpd2020-pib-per-capita-paises-pre1820,mexico,1718,1537
mpd2020-pib-per-capita-paises-pre1820,mexico,1719,1557
mpd2020-pib-per-capita-paises-pre1820,mexico,1720,1522
mpd2020-pib-per-capita-paises-pre1820,mexico,1721,1451
mpd2020-pib-per-capita-paises-pre1820,mexico,1722,1384
mpd2020-pib-per-capita-paises-pre1820,mexico,1723,1355
mpd2020-pib-per-capita-paises-pre1820,mexico,1724,1350
mpd2020-pib-per-capita-paises-pre1820,mexico,1725,1352
mpd2020-pib-per-capita-paises-pre1820,mexico,1726,1339
mpd2020-pib-per-capita-paises-pre1820,mexico,1727,1334
mpd2020-pib-per-capita-paises-pre1820,mexico,1728,1321
mpd2020-pib-per-capita-paises-pre1820,mexico,1729,1320
mpd2020-pib-per-capita-paises-pre1820,mexico,1730,1328
mpd2020-pib-per-capita-paises-pre1820,mexico,1731,1353
mpd2020-pib-per-capita-paises-pre1820,mexico,1732,1358
mpd2020-pib-per-capita-paises-pre1820,mexico,1733,1353
mpd2020-pib-per-capita-paises-pre1820,mexico,1734,1339
mpd2020-pib-per-capita-paises-pre1820,mexico,1735,1329
mpd2020-pib-per-capita-paises-pre1820,mexico,1736,1309
mpd2020-pib-per-capita-paises-pre1820,mexico,1737,1302
mpd2020-pib-per-capita-paises-pre1820,mexico,1738,1307
mpd2020-pib-per-capita-paises-pre1820,mexico,1739,1320
mpd2020-pib-per-capita-paises-pre1820,mexico,1740,1325
mpd2020-pib-per-capita-paises-pre1820,mexico,1741,1305
mpd2020-pib-per-capita-paises-pre1820,mexico,1742,1277
mpd2020-pib-per-capita-paises-pre1820,mexico,1743,1269
mpd2020-pib-per-capita-paises-pre1820,mexico,1744,1253
mpd2020-pib-per-capita-paises-pre1820,mexico,1745,1242
mpd2020-pib-per-capita-paises-pre1820,mexico,1746,1254
mpd2020-pib-per-capita-paises-pre1820,mexico,1747,1290
mpd2020-pib-per-capita-paises-pre1820,mexico,1748,1313
mpd2020-pib-per-capita-paises-pre1820,mexico,1749,1305
mpd2020-pib-per-capita-paises-pre1820,mexico,1750,1296
mpd2020-pib-per-capita-paises-pre1820,mexico,1751,1301
mpd2020-pib-per-capita-paises-pre1820,mexico,1752,1361
mpd2020-pib-per-capita-paises-pre1820,mexico,1753,1398
mpd2020-pib-per-capita-paises-pre1820,mexico,1754,1415
mpd2020-pib-per-capita-paises-pre1820,mexico,1755,1430
mpd2020-pib-per-capita-paises-pre1820,mexico,1756,1454
mpd2020-pib-per-capita-paises-pre1820,mexico,1757,1462
mpd2020-pib-per-capita-paises-pre1820,mexico,1758,1465
mpd2020-pib-per-capita-paises-pre1820,mexico,1759,1465
mpd2020-pib-per-capita-paises-pre1820,mexico,1760,1476
mpd2020-pib-per-capita-paises-pre1820,mexico,1761,1486
mpd2020-pib-per-capita-paises-pre1820,mexico,1762,1487
mpd2020-pib-per-capita-paises-pre1820,mexico,1763,1417
mpd2020-pib-per-capita-paises-pre1820,mexico,1764,1392
mpd2020-pib-per-capita-paises-pre1820,mexico,1765,1390
mpd2020-pib-per-capita-paises-pre1820,mexico,1766,1404
mpd2020-pib-per-capita-paises-pre1820,mexico,1767,1403
mpd2020-pib-per-capita-paises-pre1820,mexico,1768,1393
mpd2020-pib-per-capita-paises-pre1820,mexico,1769,1382
mpd2020-pib-per-capita-paises-pre1820,mexico,1770,1388
mpd2020-pib-per-capita-paises-pre1820,mexico,1771,1369
mpd2020-pib-per-capita-paises-pre1820,mexico,1772,1382
mpd2020-pib-per-capita-paises-pre1820,mexico,1773,1393
mpd2020-pib-per-capita-paises-pre1820,mexico,1774,1433
mpd2020-pib-per-capita-paises-pre1820,mexico,1775,1439
mpd2020-pib-per-capita-paises-pre1820,mexico,1776,1446
mpd2020-pib-per-capita-paises-pre1820,mexico,1777,1447
mpd2020-pib-per-capita-paises-pre1820,mexico,1778,1470
mpd2020-pib-per-capita-paises-pre1820,mexico,1779,1478
mpd2020-pib-per-capita-paises-pre1820,mexico,1780,1460
mpd2020-pib-per-capita-paises-pre1820,mexico,1781,1423
mpd2020-pib-per-capita-paises-pre1820,mexico,1782,1406
mpd2020-pib-per-capita-paises-pre1820,mexico,1783,1352
mpd2020-pib-per-capita-paises-pre1820,mexico,1784,1312
mpd2020-pib-per-capita-paises-pre1820,mexico,1785,1294
mpd2020-pib-per-capita-paises-pre1820,mexico,1786,1298
mpd2020-pib-per-capita-paises-pre1820,mexico,1787,1302
mpd2020-pib-per-capita-paises-pre1820,mexico,1788,1302
mpd2020-pib-per-capita-paises-pre1820,mexico,1789,1304
mpd2020-pib-per-capita-paises-pre1820,mexico,1790,1298
mpd2020-pib-per-capita-paises-pre1820,mexico,1791,1331
mpd2020-pib-per-capita-paises-pre1820,mexico,1792,1353
mpd2020-pib-per-capita-paises-pre1820,mexico,1793,1374
mpd2020-pib-per-capita-paises-pre1820,mexico,1794,1385
mpd2020-pib-per-capita-paises-pre1820,mexico,1795,1388
mpd2020-pib-per-capita-paises-pre1820,mexico,1796,1380
mpd2020-pib-per-capita-paises-pre1820,mexico,1797,1356
mpd2020-pib-per-capita-paises-pre1820,mexico,1798,1341
mpd2020-pib-per-capita-paises-pre1820,mexico,1799,1323
mpd2020-pib-per-capita-paises-pre1820,mexico,1800,1305
mpd2020-pib-per-capita-paises-pre1820,mexico,1801,1298
mpd2020-pib-per-capita-paises-pre1820,mexico,1802,1274
mpd2020-pib-per-capita-paises-pre1820,mexico,1803,1264
mpd2020-pib-per-capita-paises-pre1820,mexico,1804,1240
mpd2020-pib-per-capita-paises-pre1820,mexico,1805,1223
mpd2020-pib-per-capita-paises-pre1820,mexico,1806,1202
mpd2020-pib-per-capita-paises-pre1820,mexico,1807,1172
mpd2020-pib-per-capita-paises-pre1820,mexico,1808,1143
mpd2020-pib-per-capita-paises-pre1820,mexico,1809,1111
mpd2020-pib-per-capita-paises-pre1820,mexico,1810,1073
mpd2020-pib-per-capita-paises-pre1820,mexico,1811,1044
mpd2020-pib-per-capita-paises-pre1820,estados-unidos,1650,897
mpd2020-pib-per-capita-paises-pre1820,estados-unidos,1720,1768.9856
mpd2020-pib-per-capita-paises-pre1820,estados-unidos,1775,2419
mpd2020-pib-per-capita-paises-pre1820,estados-unidos,1800,2545.488
mpd2020-pib-per-capita-paises-pre1820,estados-unidos,1801,2591.7696
mpd2020-pib-per-capita-paises-pre1820,estados-unidos,1802,2635.48
mpd2020-pib-per-capita-paises-pre1820,estados-unidos,1803,2590.484
mpd2020-pib-per-capita-paises-pre1820,estados-unidos,1804,2587.9128
mpd2020-pib-per-capita-paises-pre1820,estados-unidos,1805,2643.1936
mpd2020-pib-per-capita-paises-pre1820,estados-unidos,1806,2690.7608
mpd2020-pib-per-capita-paises-pre1820,estados-unidos,1807,2717.7584
mpd2020-pib-per-capita-paises-pre1820,estados-unidos,1808,2526.204
mpd2020-pib-per-capita-paises-pre1820,estados-unidos,1809,2652.1928
mpd2020-pib-per-capita-paises-pre1820,estados-unidos,1810,2725.472
mpd2020-pib-per-capita-paises-pre1820,estados-unidos,1811,2780.7528
mpd2020-pib-per-capita-paises-pre1820,estados-unidos,1812,2731.9
mpd2020-pib-per-capita-paises-pre1820,estados-unidos,1813,2762.7544
mpd2020-pib-per-capita-paises-pre1820,estados-unidos,1814,2815.464
mpd2020-pib-per-capita-paises-pre1820,estados-unidos,1815,2803.8936
mpd2020-pib-per-capita-paises-pre1820,estados-unidos,1816,2690.7608
mpd2020-pib-per-capita-paises-pre1820,estados-unidos,1817,2688.1896
mpd2020-pib-per-capita-paises-pre1820,estados-unidos,1818,2694.6176
mpd2020-pib-per-capita-paises-pre1820,estados-unidos,1819,2690.7608
